Roll Number,Score
190720,0.08954796922461222
200619,4.738262971362177
200643,4.281825537506277
