Roll Number,Score
200643,49.42100286483765
190720,0.006173849105834961
200619,29.694038152694702
